{
  "IsEncrypted": false,
  "Values": {
    "AzureWebJobsStorage": "UseDevelopmentStorage=true",
    "FUNCTIONS_WORKER_RUNTIME": "dotnet",

    "OrganisationURL": "https://org828de676.crm.dynamics.com/",
    //you mast have to provide here application or client id from where you got with partal azure while registring a app
    "ClientId": "7ae221cd-3407-4a5f-8dbb-4713e62ff0df",
    //same as but here you have to give client secret id
    "ClientSecret": "n_e8Q~IfGHflwmIOopQOVE5pzKJN6b5oQKI30cib"
  },
  "Host": {
    "LocalHttpPort": 3696,
    "CORS": "*"
  }
}
